<?xml version="1.0" encoding="UTF-8"?>
<beans xmlns="http://www.springframework.org/schema/beans"
       xmlns:xsi="http://www.w3.org/2001/XMLSchema-instance"
       xsi:schemaLocation="http://www.springframework.org/schema/beans http://www.springframework.org/schema/beans/spring-beans.xsd">
    <!-- 创建SessionFactory -->
    <bean id="sessionFactory" class="org.springframework.orm.hibernate3.LocalSessionFactoryBean">

        <property name="configLocation" value="classpath:hibernate.cfg.xml" />

        <property name="mappingResources">
            <list>
                <value>beans/Account.hbm.xml</value>
                <value>beans/Profile.hbm.xml</value>
                <value>beans/AutoMobile.hbm.xml</value>
                <value>beans/AutomobileBidRecord.hbm.xml</value>
            </list>
        </property>
    </bean>

    <bean id="accountDao" class="com.zipaiche.dao.impl.AccountDao">
        <property name="sessionFactory" ref="sessionFactory"/>
    </bean>

    <bean id="profileDao" class="com.zipaiche.dao.impl.ProfileDao">
        <property name="sessionFactory" ref="sessionFactory"/>
    </bean>

    <bean id="automobileDao" class="com.zipaiche.dao.impl.AutomobileDao">
        <property name="sessionFactory" ref="sessionFactory"/>
    </bean>

    <bean id="automobileBidRecordDao" class="com.zipaiche.dao.impl.AutomobileBidRecordDao">
        <property name="sessionFactory" ref="sessionFactory"/>
    </bean>

</beans>