<?xml version="1.0" encoding="UTF-8"?>
<beans xmlns="http://www.springframework.org/schema/beans"
       xmlns:xsi="http://www.w3.org/2001/XMLSchema-instance" xmlns:aop="http://www.springframework.org/schema/aop"
       xmlns:tx="http://www.springframework.org/schema/tx"
       xsi:schemaLocation="
			http://www.springframework.org/schema/beans http://www.springframework.org/schema/beans/spring-beans-2.5.xsd
			http://www.springframework.org/schema/aop http://www.springframework.org/schema/aop/spring-aop-2.5.xsd
			http://www.springframework.org/schema/tx http://www.springframework.org/schema/tx/spring-tx-2.5.xsd"
       default-autowire="byName">


    <bean id="transactionManager"
          class="org.springframework.orm.hibernate3.HibernateTransactionManager">
        <property name="sessionFactory" ref="sessionFactory" />
    </bean>

    <!-- 定义advice -->
    <tx:advice id="dbAdvice" transaction-manager="transactionManager">
        <tx:attributes>
            <tx:method name="create*" propagation="REQUIRED" />
            <tx:method name="save*" propagation="REQUIRED" />
            <tx:method name="update*" propagation="REQUIRED" />
            <tx:method name="delete*" propagation="REQUIRED" />
            <tx:method name="approve*" propagation="REQUIRED" />
            <tx:method name="batch*" propagation="REQUIRED" />
        </tx:attributes>
    </tx:advice>

    <aop:config>
        <aop:pointcut id="dbMethod" expression="execution(* com.zipaiche.dao.*.*(..))" />
        <aop:advisor advice-ref="dbAdvice" pointcut-ref="dbMethod" />
    </aop:config>
</beans>