<?xml version='1.0' encoding='utf-8'?>
<!DOCTYPE hibernate-configuration PUBLIC
        "-//Hibernate/Hibernate Configuration DTD//EN"
        "http://www.hibernate.org/dtd/hibernate-configuration-3.0.dtd">
<hibernate-configuration>
    <session-factory>

        <property name="connection.url">jdbc:mysql://localhost:3306/zipaiche</property>
        <property name="connection.driver_class">com.mysql.jdbc.Driver</property>
        <property name="connection.username">dawn</property>
        <property name="connection.password">3205449</property>

        <!--<property name="connection.username">zipaiche</property>-->
        <!--<property name="connection.password">helloworld@123</property>-->


        <property name="hibernate.show_sql">true</property>
        <property name="hibernate.dialect">org.hibernate.dialect.MySQL5InnoDBDialect</property>
        <property name="hibernate.jdbc.fetch_size">50</property>

        <property name="hibernate.connection.provider_class">org.hibernate.connection.C3P0ConnectionProvider</property>
        <property name="hibernate.c3p0.max_size">50</property>
        <property name="hibernate.c3p0.min_size">5</property>
        <property name="hibernate.c3p0.timeout">50000</property>
        <property name="hibernate.c3p0.max_statements">100</property>
        <property name="hibernate.c3p0.idle_test_period">3000</property>
        <!-- 当连接池耗尽并接到获得连接的请求，则新增加连接的数量 -->
        <property name="hibernate.c3p0.acquire_increment">2</property>
        <!-- 是否验证，检查连接 -->
        <property name="hibernate.c3p0.validate">false</property>

        <!-- DB schema will be updated if needed -->
         <property name="hbm2ddl.auto">update</property>
    </session-factory>
</hibernate-configuration>