<?xml version="1.0" encoding="UTF-8" ?>
<!DOCTYPE struts PUBLIC "-//Apache Software Foundation//DTD Struts Configuration 2.1//EN" "http://struts.apache.org/dtds/struts-2.1.dtd">
<struts>
		<constant name="struts.i18n.encoding" value="UTF-8"/>
		<constant name="struts.enable.DynamicMethodInvocation" value="false"/>
		<constant name="struts.i18n.reload" value="true"/>
		<constant name="struts.configuration.xml.reload" value="true"/>
		<constant name="struts.devMode" value="true"/>
		
		<include file="struts-user.xml"></include>
		<include file="struts-admin.xml"></include>
</struts>
