<?xml version="1.0" encoding="UTF-8"?>
<!DOCTYPE hibernate-mapping PUBLIC "-//Hibernate/Hibernate Mapping DTD 3.0//EN"
        "http://hibernate.sourceforge.net/hibernate-mapping-3.0.dtd">
<hibernate-mapping>
    <class name="com.zipaiche.model.db.Account" table="Account">
        <id name="id" type="java.lang.Long">
            <column name="id" precision="4" scale="0" />
            <generator class="increment"/>
        </id>
        <property name="username" type="java.lang.String"/>
        <property name="password" type="java.lang.String"/>
        <property name="role">
            <type name="org.hibernate.type.EnumType">
                <param name="enumClass">
                    com.zipaiche.model.db.beanenum.Role
                </param>
            </type>
        </property>
        <property name="status">
            <type name="org.hibernate.type.EnumType">
                <param name="enumClass">
                    com.zipaiche.model.db.beanenum.AccountStatus
                </param>
            </type>    
        </property>
        <property name="creditAmount" type="java.lang.Double"/>
        <property name="leftAmount" type="java.lang.Double"/>
        <property name="registerDate" type="java.util.Date"/>
        <property name="nickname" type="java.lang.String"/>
        <property name="phoneNumber" type="java.lang.String"/>
        
        <one-to-one name="profile" class="com.zipaiche.model.db.Profile" cascade="save-update"/>

    </class>
</hibernate-mapping>