<?xml version="1.0" encoding="UTF-8"?>
<!DOCTYPE hibernate-mapping PUBLIC "-//Hibernate/Hibernate Mapping DTD 3.0//EN"
        "http://hibernate.sourceforge.net/hibernate-mapping-3.0.dtd">
<hibernate-mapping>
    <class name="com.zipaiche.model.db.AutomobileBidRecord" table="AutomobileBidRecord">
        <id name="id" type="java.lang.Long">
            <column name="id" precision="4" scale="0" />
            <generator class="increment"/>
        </id>

        <many-to-one name="account" class="com.zipaiche.model.db.Account" column="accountId"/>
        <many-to-one name="automobile" class="com.zipaiche.model.db.Automobile" column="automobileId"/>
        <property name="offer" type="java.lang.Double"/>
        <property name="offerDate" type="java.util.Date"/>

    </class>
</hibernate-mapping>